,CIK,CONAME,FYRMO,FDATE,FORM,SECFNAME,Source,mda_positive_score,mda_negative_score,mda_polarity_score,mda_average_sentence_length,mda_percentage_of_complex_words,mda_fog_index,mda_complex_word_count,mda_word_count,mda_uncertainty_score,mda_constraining_score,mda_positive_word_proportion,mda_negative_word_proportion,mda_uncertainty_word_proportion,mda_constraining_word_proportion,qqdmr_positive_score,qqdmr_negative_score,qqdmr_polarity_score,qqdmr_average_sentence_length,qqdmr_percentage_of_complex_words,qqdmr_fog_index,qqdmr_complex_word_count,qqdmr_word_count,qqdmr_uncertainty_score,qqdmr_constraining_score,qqdmr_positive_word_proportion,qqdmr_negative_word_proportion,qqdmr_uncertainty_word_proportion,qqdmr_constraining_word_proportion,rf_positive_score,rf_negative_score,rf_polarity_score,rf_average_sentence_length,rf_percentage_of_complex_words,rf_fog_index,rf_complex_word_count,rf_word_count,rf_uncertainty_score,rf_constraining_score,rf_positive_word_proportion,rf_negative_word_proportion,rf_uncertainty_word_proportion,rf_constraining_word_proportion,constraining_words_whole_report
0,3662,SUNBEAM CORP/FL/,199803,1998-03-06,10-K405,edgar/data/3662/0000950170-98-000413.txt,https://www.sec.gov/Archives/edgar/data/3662/0000950170-98-000413.txt,20,74,-0.5744680789950205,23,0.3457321848081441,9.338292873923258,883,2554,29,11,0.007830853563038372,0.028974158183241974,0.011354737666405637,0.004306969459671104,0,0,0.0,0,0.0,0.0,0,0,0,0,0,0,0,0,0,0,0.0,0,0,0.0,0,0,0,0,0,0,0,0,11
1,3662,SUNBEAM CORP/FL/,199805,1998-05-15,10-Q,edgar/data/3662/0000950170-98-001001.txt,https://www.sec.gov/Archives/edgar/data/3662/0000950170-98-001001.txt,11,54,-0.6615384513609469,26,0.4029458179905313,10.561178327196213,766,1901,66,3,0.005786428195686481,0.028406102051551814,0.034718569174118884,0.0015781167806417674,0,0,0.0,0,0.0,0.0,0,0,0,0,0,0,0,0,0,0,0.0,0,0,0.0,0,0,0,0,0,0,0,0,3
2,3662,SUNBEAM CORP/FL/,199808,1998-08-13,NT 10-Q,edgar/data/3662/0000950172-98-000783.txt,https://www.sec.gov/Archives/edgar/data/3662/0000950172-98-000783.txt,0,0,0.0,0,0.0,0.0,0,0,0,0,0.0,0.0,0.0,0.0,0,0,0.0,0,0.0,0.0,0,0,0,0,0,0,0,0,0,0,0.0,0,0,0.0,0,0,0,0,0,0,0,0,0
3,3662,SUNBEAM CORP/FL/,199811,1998-11-12,10-K/A,edgar/data/3662/0000950170-98-002145.txt,https://www.sec.gov/Archives/edgar/data/3662/0000950170-98-002145.txt,32,118,-0.5733333295111112,19,0.34775936157151627,7.739103744628607,1133,3258,36,26,0.009821976672805401,0.03621853898096992,0.011049723756906077,0.00798035604665439,0,0,0.0,0,0.0,0.0,0,0,0,0,0,0,0,0,0,0,0.0,0,0,0.0,0,0,0,0,0,0,0,0,26
4,3662,SUNBEAM CORP/FL/,199811,1998-11-16,NT 10-Q,edgar/data/3662/0000950172-98-001203.txt,https://www.sec.gov/Archives/edgar/data/3662/0000950172-98-001203.txt,0,0,0.0,0,0.0,0.0,0,0,0,0,0.0,0.0,0.0,0.0,0,0,0.0,0,0.0,0.0,0,0,0,0,0,0,0,0,0,0,0.0,0,0,0.0,0,0,0,0,0,0,0,0,0
5,3662,SUNBEAM CORP/FL/,199811,1998-11-25,10-Q/A,edgar/data/3662/0000950170-98-002278.txt,https://www.sec.gov/Archives/edgar/data/3662/0000950170-98-002278.txt,0,1,-0.9999990000010001,22,0.3693181818181818,8.947727272727274,65,176,6,0,0.0,0.005681818181818182,0.03409090909090909,0.0,0,0,0.0,0,0.0,0.0,0,0,0,0,0,0,0,0,0,0,0.0,0,0,0.0,0,0,0,0,0,0,0,0,0
6,3662,SUNBEAM CORP/FL/,199812,1998-12-22,10-Q,edgar/data/3662/0000950170-98-002401.txt,https://www.sec.gov/Archives/edgar/data/3662/0000950170-98-002401.txt,46,132,-0.4831460647014266,21,0.3750721292556261,8.550028851702251,1950,5199,123,41,0.008847855356799385,0.025389497980380843,0.023658395845354875,0.007886131948451626,0,0,0.0,0,0.0,0.0,0,0,0,0,0,0,0,0,0,0,0.0,0,0,0.0,0,0,0,0,0,0,0,0,41
7,3662,SUNBEAM CORP/FL/,199812,1998-12-22,10-Q,edgar/data/3662/0000950170-98-002402.txt,https://www.sec.gov/Archives/edgar/data/3662/0000950170-98-002402.txt,43,127,-0.4941176441522492,21,0.38120423108218066,8.552481692432872,1874,4916,122,39,0.008746948738812042,0.025834011391375103,0.02481692432872254,0.007933279088689993,0,0,0.0,0,0.0,0.0,0,0,0,0,0,0,0,0,0,0,0.0,0,0,0.0,0,0,0,0,0,0,0,0,39
8,3662,SUNBEAM CORP/FL/,199903,1999-03-31,NT 10-K,edgar/data/3662/0000950172-99-000362.txt,https://www.sec.gov/Archives/edgar/data/3662/0000950172-99-000362.txt,0,0,0.0,0,0.0,0.0,0,0,0,0,0.0,0.0,0.0,0.0,0,0,0.0,0,0.0,0.0,0,0,0,0,0,0,0,0,0,0,0.0,0,0,0.0,0,0,0,0,0,0,0,0,0
9,3662,SUNBEAM CORP/FL/,199905,1999-05-11,10-K,edgar/data/3662/0000950170-99-000775.txt,https://www.sec.gov/Archives/edgar/data/3662/0000950170-99-000775.txt,1,0,0.9999990000010001,22,0.4012738853503185,8.960509554140128,63,157,7,0,0.006369426751592357,0.0,0.044585987261146494,0.0,0,0,0.0,0,0.0,0.0,0,0,0,0,0,0,0,0,0,0,0.0,0,0,0.0,0,0,0,0,0,0,0,0,0
10,3662,SUNBEAM CORP/FL/,199905,1999-05-17,NT 10-Q,edgar/data/3662/0000950172-99-000584.txt,https://www.sec.gov/Archives/edgar/data/3662/0000950172-99-000584.txt,0,0,0.0,0,0.0,0.0,0,0,0,0,0.0,0.0,0.0,0.0,0,0,0.0,0,0.0,0.0,0,0,0,0,0,0,0,0,0,0,0.0,0,0,0.0,0,0,0,0,0,0,0,0,0
11,3662,SUNBEAM CORP/FL/,199906,1999-06-11,10-Q,edgar/data/3662/0000950170-99-001005.txt,https://www.sec.gov/Archives/edgar/data/3662/0000950170-99-001005.txt,38,76,-0.33333333040935675,21,0.3874049945711184,8.554961997828448,1784,4605,143,33,0.008251900108577633,0.016503800217155265,0.031053203040173723,0.0071661237785016286,0,0,0.0,0,0.0,0.0,0,0,0,0,0,0,0,0,0,0,0.0,0,0,0.0,0,0,0,0,0,0,0,0,33
12,3662,SUNBEAM CORP/FL/,199908,1999-08-16,NT 10-Q,edgar/data/3662/0000950172-99-001074.txt,https://www.sec.gov/Archives/edgar/data/3662/0000950172-99-001074.txt,0,0,0.0,0,0.0,0.0,0,0,0,0,0.0,0.0,0.0,0.0,0,0,0.0,0,0.0,0.0,0,0,0,0,0,0,0,0,0,0,0.0,0,0,0.0,0,0,0,0,0,0,0,0,0
13,3662,SUNBEAM CORP/FL/,199908,1999-08-19,10-Q,edgar/data/3662/0000950170-99-001361.txt,https://www.sec.gov/Archives/edgar/data/3662/0000950170-99-001361.txt,88,145,-0.24463519208311077,20,0.3796578703089776,8.151863148123592,2863,7541,185,60,0.011669539848826415,0.01922821906908898,0.024532555364010077,0.007956504442381647,0,0,0.0,0,0.0,0.0,0,0,0,0,0,0,0,0,0,0,0.0,0,0,0.0,0,0,0,0,0,0,0,0,60
14,3662,SUNBEAM CORP/FL/,199911,1999-11-08,10-K/A,edgar/data/3662/0000889812-99-003241.txt,https://www.sec.gov/Archives/edgar/data/3662/0000889812-99-003241.txt,1,0,0.9999990000010001,19,0.39215686274509803,7.756862745098039,60,153,7,0,0.006535947712418301,0.0,0.0457516339869281,0.0,0,0,0.0,0,0.0,0.0,0,0,0,0,0,0,0,0,0,0,0.0,0,0,0.0,0,0,0,0,0,0,0,0,0
15,3662,SUNBEAM CORP/FL/,199911,1999-11-08,10-Q/A,edgar/data/3662/0000950170-99-001639.txt,https://www.sec.gov/Archives/edgar/data/3662/0000950170-99-001639.txt,91,166,-0.29182879263879846,20,0.37633341602580006,8.15053336641032,3034,8062,205,69,0.011287521706772514,0.020590424212354255,0.02542793351525676,0.008558670305135203,0,0,0.0,0,0.0,0.0,0,0,0,0,0,0,0,0,0,0,0.0,0,0,0.0,0,0,0,0,0,0,0,0,69
16,3662,SUNBEAM CORP/FL/,199911,1999-11-08,10-Q/A,edgar/data/3662/0000950170-99-001640.txt,https://www.sec.gov/Archives/edgar/data/3662/0000950170-99-001640.txt,51,151,-0.49504950249975493,22,0.3843289371605896,8.953731574864236,2477,6445,182,60,0.00791311093871218,0.02342901474010861,0.028238944918541505,0.009309542280837859,0,0,0.0,0,0.0,0.0,0,0,0,0,0,0,0,0,0,0,0.0,0,0,0.0,0,0,0,0,0,0,0,0,60
17,3662,SUNBEAM CORP/FL/,199911,1999-11-15,NT 10-Q,edgar/data/3662/0000950172-99-001626.txt,https://www.sec.gov/Archives/edgar/data/3662/0000950172-99-001626.txt,0,0,0.0,0,0.0,0.0,0,0,0,0,0.0,0.0,0.0,0.0,0,0,0.0,0,0.0,0.0,0,0,0,0,0,0,0,0,0,0,0.0,0,0,0.0,0,0,0,0,0,0,0,0,0
18,3662,SUNBEAM CORP/FL/,199911,1999-11-19,10-Q,edgar/data/3662/0000950170-99-001856.txt,https://www.sec.gov/Archives/edgar/data/3662/0000950170-99-001856.txt,0,0,0.0,0,0.0,0.0,0,0,0,0,0.0,0.0,0.0,0.0,0,0,0.0,0,0.0,0.0,0,0,0,0,0,0,0,0,0,0,0.0,0,0,0.0,0,0,0,0,0,0,0,0,0
19,3982,ALLIS CHALMERS ENERGY INC.,200603,2006-03-22,10-K,edgar/data/3982/0000950129-06-002926.txt,https://www.sec.gov/Archives/edgar/data/3982/0000950129-06-002926.txt,0,0,0.0,0,0.0,0.0,0,0,0,0,0.0,0.0,0.0,0.0,0,0,0.0,0,0.0,0.0,0,0,0,0,0,0,0,0,0,0,0.0,0,0,0.0,0,0,0,0,0,0,0,0,0
20,3982,ALLIS CHALMERS ENERGY INC.,200605,2006-05-01,10-K/A,edgar/data/3982/0000950129-06-004690.txt,https://www.sec.gov/Archives/edgar/data/3982/0000950129-06-004690.txt,0,0,0.0,0,0.0,0.0,0,0,0,0,0.0,0.0,0.0,0.0,0,0,0.0,0,0.0,0.0,0,0,0,0,0,0,0,0,0,0,0.0,0,0,0.0,0,0,0,0,0,0,0,0,0
21,3982,ALLIS CHALMERS ENERGY INC.,200605,2006-05-10,10-Q,edgar/data/3982/0000950129-06-005244.txt,https://www.sec.gov/Archives/edgar/data/3982/0000950129-06-005244.txt,0,0,0.0,0,0.0,0.0,0,0,0,0,0.0,0.0,0.0,0.0,0,0,0.0,0,0.0,0.0,0,0,0,0,0,0,0,0,0,0,0.0,0,0,0.0,0,0,0,0,0,0,0,0,0
22,3982,ALLIS CHALMERS ENERGY INC.,200607,2006-07-24,10-K/A,edgar/data/3982/0000950129-06-007243.txt,https://www.sec.gov/Archives/edgar/data/3982/0000950129-06-007243.txt,0,0,0.0,0,0.0,0.0,0,0,0,0,0.0,0.0,0.0,0.0,0,0,0.0,0,0.0,0.0,0,0,0,0,0,0,0,0,0,0,0.0,0,0,0.0,0,0,0,0,0,0,0,0,0
23,3982,ALLIS CHALMERS ENERGY INC.,200607,2006-07-24,10-Q/A,edgar/data/3982/0000950129-06-007244.txt,https://www.sec.gov/Archives/edgar/data/3982/0000950129-06-007244.txt,0,0,0.0,0,0.0,0.0,0,0,0,0,0.0,0.0,0.0,0.0,0,0,0.0,0,0.0,0.0,0,0,0,0,0,0,0,0,0,0,0.0,0,0,0.0,0,0,0,0,0,0,0,0,0
24,3982,ALLIS CHALMERS ENERGY INC.,200608,2006-08-14,10-Q,edgar/data/3982/0000950129-06-007871.txt,https://www.sec.gov/Archives/edgar/data/3982/0000950129-06-007871.txt,0,0,0.0,0,0.0,0.0,0,0,0,0,0.0,0.0,0.0,0.0,0,0,0.0,0,0.0,0.0,0,0,0,0,0,0,0,0,0,0,0.0,0,0,0.0,0,0,0,0,0,0,0,0,0
25,3982,ALLIS CHALMERS ENERGY INC.,200611,2006-11-08,10-Q,edgar/data/3982/0000950129-06-009522.txt,https://www.sec.gov/Archives/edgar/data/3982/0000950129-06-009522.txt,0,0,0.0,0,0.0,0.0,0,0,0,0,0.0,0.0,0.0,0.0,0,0,0.0,0,0.0,0.0,0,0,0,0,0,0,0,0,0,0,0.0,0,0,0.0,0,0,0,0,0,0,0,0,0
26,3982,ALLIS CHALMERS ENERGY INC.,200612,2006-12-29,10-Q/A,edgar/data/3982/0000950134-06-023819.txt,https://www.sec.gov/Archives/edgar/data/3982/0000950134-06-023819.txt,0,0,0.0,0,0.0,0.0,0,0,0,0,0.0,0.0,0.0,0.0,0,0,0.0,0,0.0,0.0,0,0,0,0,0,0,0,0,0,0,0.0,0,0,0.0,0,0,0,0,0,0,0,0,0
27,3982,ALLIS CHALMERS ENERGY INC.,200703,2007-03-15,10-K,edgar/data/3982/0000950129-07-001381.txt,https://www.sec.gov/Archives/edgar/data/3982/0000950129-07-001381.txt,0,0,0.0,0,0.0,0.0,0,0,0,0,0.0,0.0,0.0,0.0,0,0,0.0,0,0.0,0.0,0,0,0,0,0,0,0,0,0,0,0.0,0,0,0.0,0,0,0,0,0,0,0,0,0
28,3982,ALLIS CHALMERS ENERGY INC.,200705,2007-05-10,10-Q,edgar/data/3982/0000950129-07-002432.txt,https://www.sec.gov/Archives/edgar/data/3982/0000950129-07-002432.txt,0,0,0.0,0,0.0,0.0,0,0,0,0,0.0,0.0,0.0,0.0,0,0,0.0,0,0.0,0.0,0,0,0,0,0,0,0,0,0,0,0.0,0,0,0.0,0,0,0,0,0,0,0,0,0
29,3982,ALLIS CHALMERS ENERGY INC.,200708,2007-08-09,10-Q,edgar/data/3982/0000950129-07-003918.txt,https://www.sec.gov/Archives/edgar/data/3982/0000950129-07-003918.txt,0,0,0.0,0,0.0,0.0,0,0,0,0,0.0,0.0,0.0,0.0,0,0,0.0,0,0.0,0.0,0,0,0,0,0,0,0,0,0,0,0.0,0,0,0.0,0,0,0,0,0,0,0,0,0
30,3982,ALLIS CHALMERS ENERGY INC.,200711,2007-11-06,10-Q,edgar/data/3982/0000950129-07-005361.txt,https://www.sec.gov/Archives/edgar/data/3982/0000950129-07-005361.txt,0,0,0.0,0,0.0,0.0,0,0,0,0,0.0,0.0,0.0,0.0,0,0,0.0,0,0.0,0.0,0,0,0,0,0,0,0,0,0,0,0.0,0,0,0.0,0,0,0,0,0,0,0,0,0
31,3982,ALLIS CHALMERS ENERGY INC.,200803,2008-03-07,10-K,edgar/data/3982/0000950129-08-001569.txt,https://www.sec.gov/Archives/edgar/data/3982/0000950129-08-001569.txt,0,0,0.0,0,0.0,0.0,0,0,0,0,0.0,0.0,0.0,0.0,0,0,0.0,0,0.0,0.0,0,0,0,0,0,0,0,0,0,0,0.0,0,0,0.0,0,0,0,0,0,0,0,0,0
32,3982,ALLIS CHALMERS ENERGY INC.,200804,2008-04-29,10-K/A,edgar/data/3982/0000950129-08-002507.txt,https://www.sec.gov/Archives/edgar/data/3982/0000950129-08-002507.txt,0,0,0.0,0,0.0,0.0,0,0,0,0,0.0,0.0,0.0,0.0,0,0,0.0,0,0.0,0.0,0,0,0,0,0,0,0,0,0,0,0.0,0,0,0.0,0,0,0,0,0,0,0,0,0
33,4447,AMERADA HESS CORP,200311,2003-11-12,10-Q,edgar/data/4447/0000950123-03-012528.txt,https://www.sec.gov/Archives/edgar/data/4447/0000950123-03-012528.txt,0,0,0.0,0,0.0,0.0,0,0,0,0,0.0,0.0,0.0,0.0,0,0,0.0,0,0.0,0.0,0,0,0,0,0,0,0,0,0,0,0.0,0,0,0.0,0,0,0,0,0,0,0,0,0
34,4447,AMERADA HESS CORP,200403,2004-03-12,10-K,edgar/data/4447/0000950123-04-003250.txt,https://www.sec.gov/Archives/edgar/data/4447/0000950123-04-003250.txt,0,0,0.0,0,0.0,0.0,0,0,0,0,0.0,0.0,0.0,0.0,0,0,0.0,0,0.0,0.0,0,0,0,0,0,0,0,0,0,0,0.0,0,0,0.0,0,0,0,0,0,0,0,0,0
35,4447,AMERADA HESS CORP,200403,2004-03-15,10-K/A,edgar/data/4447/0000950123-04-003322.txt,https://www.sec.gov/Archives/edgar/data/4447/0000950123-04-003322.txt,0,0,0.0,0,0.0,0.0,0,0,0,0,0.0,0.0,0.0,0.0,0,0,0.0,0,0.0,0.0,0,0,0,0,0,0,0,0,0,0,0.0,0,0,0.0,0,0,0,0,0,0,0,0,0
36,4447,AMERADA HESS CORP,200405,2004-05-07,10-Q,edgar/data/4447/0000950123-04-005950.txt,https://www.sec.gov/Archives/edgar/data/4447/0000950123-04-005950.txt,0,0,0.0,0,0.0,0.0,0,0,0,0,0.0,0.0,0.0,0.0,0,0,0.0,0,0.0,0.0,0,0,0,0,0,0,0,0,0,0,0.0,0,0,0.0,0,0,0,0,0,0,0,0,0
37,4447,AMERADA HESS CORP,200408,2004-08-06,10-Q,edgar/data/4447/0000950123-04-009350.txt,https://www.sec.gov/Archives/edgar/data/4447/0000950123-04-009350.txt,0,0,0.0,0,0.0,0.0,0,0,0,0,0.0,0.0,0.0,0.0,0,0,0.0,0,0.0,0.0,0,0,0,0,0,0,0,0,0,0,0.0,0,0,0.0,0,0,0,0,0,0,0,0,0
38,4447,AMERADA HESS CORP,200411,2004-11-05,10-Q,edgar/data/4447/0000950123-04-013054.txt,https://www.sec.gov/Archives/edgar/data/4447/0000950123-04-013054.txt,0,0,0.0,0,0.0,0.0,0,0,0,0,0.0,0.0,0.0,0.0,0,0,0.0,0,0.0,0.0,0,0,0,0,0,0,0,0,0,0,0.0,0,0,0.0,0,0,0,0,0,0,0,0,0
39,4447,AMERADA HESS CORP,200503,2005-03-14,10-K,edgar/data/4447/0000950123-05-003078.txt,https://www.sec.gov/Archives/edgar/data/4447/0000950123-05-003078.txt,0,0,0.0,0,0.0,0.0,0,0,0,0,0.0,0.0,0.0,0.0,0,0,0.0,0,0.0,0.0,0,0,0,0,0,0,0,0,0,0,0.0,0,0,0.0,0,0,0,0,0,0,0,0,0
40,4447,AMERADA HESS CORP,200505,2005-05-06,10-Q,edgar/data/4447/0000950123-05-005767.txt,https://www.sec.gov/Archives/edgar/data/4447/0000950123-05-005767.txt,0,0,0.0,0,0.0,0.0,0,0,0,0,0.0,0.0,0.0,0.0,0,0,0.0,0,0.0,0.0,0,0,0,0,0,0,0,0,0,0,0.0,0,0,0.0,0,0,0,0,0,0,0,0,0
41,4447,AMERADA HESS CORP,200508,2005-08-05,10-Q,edgar/data/4447/0000950123-05-009475.txt,https://www.sec.gov/Archives/edgar/data/4447/0000950123-05-009475.txt,0,0,0.0,0,0.0,0.0,0,0,0,0,0.0,0.0,0.0,0.0,0,0,0.0,19,0.15789473684210525,7.663157894736843,9,57,2,1,0,0,0,0,0,0,0.0,0,0,0.0,0,0,0,0,0,0,0,0,1
42,4447,AMERADA HESS CORP,200511,2005-11-07,10-Q,edgar/data/4447/0000950123-05-013153.txt,https://www.sec.gov/Archives/edgar/data/4447/0000950123-05-013153.txt,0,0,0.0,0,0.0,0.0,0,0,0,0,0.0,0.0,0.0,0.0,0,0,0.0,0,0.0,0.0,0,0,0,0,0,0,0,0,0,0,0.0,0,0,0.0,0,0,0,0,0,0,0,0,0
43,4457,AMERCO /NV/,199911,1999-11-08,10-Q,edgar/data/4457/0000004457-99-000043.txt,https://www.sec.gov/Archives/edgar/data/4457/0000004457-99-000043.txt,0,1,-0.9999990000010001,12,0.4925373134328358,4.997014925373135,66,134,13,0,0.0,0.007462686567164179,0.09701492537313433,0.0,0,0,0.0,6,0.23076923076923078,2.4923076923076923,3,13,1,0,0,0,0,0,0,0,0.0,0,0,0.0,0,0,0,0,0,0,0,0,0
44,4457,AMERCO /NV/,200002,2000-02-10,10-Q,edgar/data/4457/0000004457-00-000018.txt,https://www.sec.gov/Archives/edgar/data/4457/0000004457-00-000018.txt,0,1,-0.9999990000010001,12,0.4925373134328358,4.997014925373135,66,134,13,0,0.0,0.007462686567164179,0.09701492537313433,0.0,0,0,0.0,0,0.0,0.0,0,0,0,0,0,0,0,0,0,0,0.0,0,0,0.0,0,0,0,0,0,0,0,0,0
45,4457,AMERCO /NV/,200006,2000-06-29,10-K,edgar/data/4457/0000004457-00-000067.txt,https://www.sec.gov/Archives/edgar/data/4457/0000004457-00-000067.txt,0,0,0.0,0,0.0,0.0,0,0,0,0,0.0,0.0,0.0,0.0,0,0,0.0,0,0.0,0.0,0,0,0,0,0,0,0,0,0,0,0.0,0,0,0.0,0,0,0,0,0,0,0,0,0
46,4457,AMERCO /NV/,200008,2000-08-11,10-Q,edgar/data/4457/0000004457-00-000080.txt,https://www.sec.gov/Archives/edgar/data/4457/0000004457-00-000080.txt,0,1,-0.9999990000010001,13,0.48507462686567165,5.394029850746269,65,134,13,0,0.0,0.007462686567164179,0.09701492537313433,0.0,0,0,0.0,6,0.23076923076923078,2.4923076923076923,3,13,1,0,0,0,0,0,0,0,0.0,0,0,0.0,0,0,0,0,0,0,0,0,0
47,4457,AMERCO /NV/,200011,2000-11-13,10-Q,edgar/data/4457/0000004457-00-000105.txt,https://www.sec.gov/Archives/edgar/data/4457/0000004457-00-000105.txt,0,1,-0.9999990000010001,13,0.48484848484848486,5.3939393939393945,64,132,13,0,0.0,0.007575757575757576,0.09848484848484848,0.0,0,0,0.0,6,0.23076923076923078,2.4923076923076923,3,13,1,0,0,0,0,0,0,0,0.0,0,0,0.0,0,0,0,0,0,0,0,0,0
48,4457,AMERCO /NV/,200102,2001-02-14,10-Q,edgar/data/4457/0000004457-01-500024.txt,https://www.sec.gov/Archives/edgar/data/4457/0000004457-01-500024.txt,0,2,-0.99999950000025,13,0.48507462686567165,5.394029850746269,65,134,13,0,0.0,0.014925373134328358,0.09701492537313433,0.0,0,0,0.0,6,0.23076923076923078,2.4923076923076923,3,13,1,0,0,0,0,0,0,0,0.0,0,0,0.0,0,0,0,0,0,0,0,0,0
49,4457,AMERCO /NV/,200107,2001-07-02,10-K,edgar/data/4457/0000004457-01-500063.txt,https://www.sec.gov/Archives/edgar/data/4457/0000004457-01-500063.txt,0,0,0.0,0,0.0,0.0,0,0,0,0,0.0,0.0,0.0,0.0,0,0,0.0,0,0.0,0.0,0,0,0,0,0,0,0,0,0,0,0.0,0,0,0.0,0,0,0,0,0,0,0,0,0
50,4457,AMERCO /NV/,200107,2001-07-02,NT 10-K,edgar/data/4457/0000004457-01-500060.txt,https://www.sec.gov/Archives/edgar/data/4457/0000004457-01-500060.txt,0,0,0.0,0,0.0,0.0,0,0,0,0,0.0,0.0,0.0,0.0,0,0,0.0,0,0.0,0.0,0,0,0,0,0,0,0,0,0,0,0.0,0,0,0.0,0,0,0,0,0,0,0,0,0
51,4457,AMERCO /NV/,200108,2001-08-10,10-Q,edgar/data/4457/0000004457-01-500081.txt,https://www.sec.gov/Archives/edgar/data/4457/0000004457-01-500081.txt,0,0,0.0,0,0.0,0.0,0,0,0,0,0.0,0.0,0.0,0.0,0,0,0.0,6,0.23076923076923078,2.4923076923076923,3,13,1,0,0,0,0,0,0,0,0.0,0,0,0.0,0,0,0,0,0,0,0,0,0
52,4457,AMERCO /NV/,200108,2001-08-10,10-Q/A,edgar/data/4457/0000004457-01-500083.txt,https://www.sec.gov/Archives/edgar/data/4457/0000004457-01-500083.txt,2,14,-0.7499999531250029,22,0.29219143576826195,8.916876574307306,116,397,14,0,0.005037783375314861,0.03526448362720403,0.03526448362720403,0.0,0,0,0.0,0,0.0,0.0,0,0,0,0,0,0,0,0,0,0,0.0,0,0,0.0,0,0,0,0,0,0,0,0,0
53,4515,AMERICAN AIRLINES INC,200810,2008-10-16,10-Q,edgar/data/4515/0000004515-08-000073.txt,https://www.sec.gov/Archives/edgar/data/4515/0000004515-08-000073.txt,0,0,0.0,0,0.0,0.0,0,0,0,0,0.0,0.0,0.0,0.0,0,0,0.0,0,0.0,0.0,0,0,0,0,0,0,0,0,0,0,0.0,0,0,0.0,0,0,0,0,0,0,0,0,0
54,4515,AMERICAN AIRLINES INC,200902,2009-02-19,10-K,edgar/data/4515/0000004515-09-000008.txt,https://www.sec.gov/Archives/edgar/data/4515/0000004515-09-000008.txt,1,0,0.9999990000010001,110,0.2727272727272727,44.10909090909091,30,110,3,2,0.00909090909090909,0.0,0.02727272727272727,0.01818181818181818,0,0,0.0,0,0.0,0.0,0,0,0,0,0,0,0,0,0,0,0.0,0,0,0.0,0,0,0,0,0,0,0,0,2
55,4515,AMERICAN AIRLINES INC,200904,2009-04-16,10-Q,edgar/data/4515/0000004515-09-000018.txt,https://www.sec.gov/Archives/edgar/data/4515/0000004515-09-000018.txt,26,54,-0.34999999562500006,1657,0.17967292284052244,662.8718691691363,3274,18222,24,12,0.0014268466688618154,0.0029634507737899243,0.0013170892327955218,0.0006585446163977609,0,0,0.0,0,0.0,0.0,0,0,0,0,0,0,0,0,0,0,0.0,0,0,0.0,0,0,0,0,0,0,0,0,12
56,4515,AMERICAN AIRLINES INC,200907,2009-07-15,10-Q,edgar/data/4515/0000004515-09-000029.txt,https://www.sec.gov/Archives/edgar/data/4515/0000004515-09-000029.txt,36,66,-0.2941176441753172,2491,0.1854032177141519,996.4741612870857,5543,29897,33,39,0.0012041341940662942,0.002207579355788206,0.001103789677894103,0.0013044787102384854,7,24,-0.5483870790842877,1932,0.18154376886589046,772.8726175075464,2105,11595,15,2,0,0,0,0,0,0,0.0,0,0,0.0,0,0,0,0,0,0,0,0,41
57,4515,AMERICAN AIRLINES INC,200910,2009-10-21,10-Q,edgar/data/4515/0000004515-09-000039.txt,https://www.sec.gov/Archives/edgar/data/4515/0000004515-09-000039.txt,0,0,0.0,47,0.2765957446808511,18.910638297872342,13,47,0,0,0.0,0.0,0.0,0.0,9,25,-0.47058822145328766,2053,0.2015422077922078,821.2806168831169,2483,12320,19,2,0,0,0,0,0,0,0.0,0,0,0.0,0,0,0,0,0,0,0,0,2
58,4515,AMERICAN AIRLINES INC,200911,2009-11-06,10-Q/A,edgar/data/4515/0000004515-09-000041.txt,https://www.sec.gov/Archives/edgar/data/4515/0000004515-09-000041.txt,0,0,0.0,0,0.0,0.0,0,0,0,0,0.0,0.0,0.0,0.0,0,0,0.0,0,0.0,0.0,0,0,0,0,0,0,0,0,0,0,0.0,0,0,0.0,0,0,0,0,0,0,0,0,0
59,4515,AMERICAN AIRLINES INC,201002,2010-02-17,10-K,edgar/data/4515/0000004515-10-000006.txt,https://www.sec.gov/Archives/edgar/data/4515/0000004515-10-000006.txt,0,0,0.0,0,0.0,0.0,0,0,0,0,0.0,0.0,0.0,0.0,0,0,0.0,0,0.0,0.0,0,0,0,0,0,0,0,0,0,0,0.0,0,0,0.0,0,0,0,0,0,0,0,0,0
60,4515,AMERICAN AIRLINES INC,201004,2010-04-21,10-Q,edgar/data/4515/0000004515-10-000016.txt,https://www.sec.gov/Archives/edgar/data/4515/0000004515-10-000016.txt,0,0,0.0,0,0.0,0.0,0,0,0,0,0.0,0.0,0.0,0.0,0,0,0.0,44,0.20454545454545456,17.681818181818183,9,44,1,0,0,0,0,0,0,0,0.0,0,0,0.0,0,0,0,0,0,0,0,0,0
61,4515,AMERICAN AIRLINES INC,201007,2010-07-21,10-Q,edgar/data/4515/0000950123-10-066865.txt,https://www.sec.gov/Archives/edgar/data/4515/0000950123-10-066865.txt,0,0,0.0,0,0.0,0.0,0,0,0,0,0.0,0.0,0.0,0.0,0,0,0.0,0,0.0,0.0,0,0,0,0,0,0,0,0,0,0,0.0,0,0,0.0,0,0,0,0,0,0,0,0,0
62,4515,AMERICAN AIRLINES INC,201010,2010-10-20,10-Q,edgar/data/4515/0000950123-10-094615.txt,https://www.sec.gov/Archives/edgar/data/4515/0000950123-10-094615.txt,0,0,0.0,0,0.0,0.0,0,0,0,0,0.0,0.0,0.0,0.0,0,0,0.0,0,0.0,0.0,0,0,0,0,0,0,0,0,0,0,0.0,0,0,0.0,0,0,0,0,0,0,0,0,0
63,4962,AMERICAN EXPRESS CO,201404,2014-04-29,10-Q,edgar/data/4962/0001193125-14-167067.txt,https://www.sec.gov/Archives/edgar/data/4962/0001193125-14-167067.txt,0,0,0.0,0,0.0,0.0,0,0,0,0,0.0,0.0,0.0,0.0,0,0,0.0,0,0.0,0.0,0,0,0,0,0,0,0,0,0,0,0.0,0,0,0.0,0,0,0,0,0,0,0,0,0
64,4962,AMERICAN EXPRESS CO,201407,2014-07-30,10-Q,edgar/data/4962/0001193125-14-286961.txt,https://www.sec.gov/Archives/edgar/data/4962/0001193125-14-286961.txt,0,0,0.0,0,0.0,0.0,0,0,0,0,0.0,0.0,0.0,0.0,0,0,0.0,0,0.0,0.0,0,0,0,0,0,0,0,0,0,0,0.0,0,0,0.0,0,0,0,0,0,0,0,0,0
65,5588,AMERICAN PAD & PAPER CO,199611,1996-11-06,10-Q,edgar/data/5588/0000930661-96-001510.txt,https://www.sec.gov/Archives/edgar/data/5588/0000930661-96-001510.txt,0,0,0.0,0,0.0,0.0,0,0,0,0,0.0,0.0,0.0,0.0,0,0,0.0,0,0.0,0.0,0,0,0,0,0,0,0,0,0,0,0.0,0,0,0.0,0,0,0,0,0,0,0,0,0
66,5588,AMERICAN PAD & PAPER CO,199703,1997-03-31,10-K,edgar/data/5588/0000950134-97-002428.txt,https://www.sec.gov/Archives/edgar/data/5588/0000950134-97-002428.txt,27,25,0.03846153772189351,19,0.35273854633138135,7.741095418532552,1024,2903,53,12,0.009300723389596968,0.00861178091629349,0.018256975542542197,0.004133654839820875,0,0,0.0,0,0.0,0.0,0,0,0,0,0,0,0,0,0,0,0.0,0,0,0.0,0,0,0,0,0,0,0,0,12
67,5588,AMERICAN PAD & PAPER CO,199705,1997-05-15,10-Q,edgar/data/5588/0000950134-97-003934.txt,https://www.sec.gov/Archives/edgar/data/5588/0000950134-97-003934.txt,0,0,0.0,0,0.0,0.0,0,0,0,0,0.0,0.0,0.0,0.0,0,0,0.0,0,0.0,0.0,0,0,0,0,0,0,0,0,0,0,0.0,0,0,0.0,0,0,0,0,0,0,0,0,0
68,5588,AMERICAN PAD & PAPER CO,199708,1997-08-14,10-Q,edgar/data/5588/0000950134-97-006223.txt,https://www.sec.gov/Archives/edgar/data/5588/0000950134-97-006223.txt,3,3,0.0,17,0.32158590308370044,6.928634361233481,146,454,8,0,0.006607929515418502,0.006607929515418502,0.01762114537444934,0.0,0,0,0.0,0,0.0,0.0,0,0,0,0,0,0,0,0,0,0,0.0,0,0,0.0,0,0,0,0,0,0,0,0,0
69,5588,AMERICAN PAD & PAPER CO,199711,1997-11-14,10-Q,edgar/data/5588/0000950134-97-008577.txt,https://www.sec.gov/Archives/edgar/data/5588/0000950134-97-008577.txt,3,3,0.0,17,0.3267543859649123,6.930701754385964,149,456,8,0,0.006578947368421052,0.006578947368421052,0.017543859649122806,0.0,0,0,0.0,0,0.0,0.0,0,0,0,0,0,0,0,0,0,0,0.0,0,0,0.0,0,0,0,0,0,0,0,0,0
70,5588,AMERICAN PAD & PAPER CO,199803,1998-03-27,10-K,edgar/data/5588/0000950134-98-002477.txt,https://www.sec.gov/Archives/edgar/data/5588/0000950134-98-002477.txt,0,0,0.0,0,0.0,0.0,0,0,0,0,0.0,0.0,0.0,0.0,0,0,0.0,0,0.0,0.0,0,0,0,0,0,0,0,0,0,0,0.0,0,0,0.0,0,0,0,0,0,0,0,0,0
71,5588,AMERICAN PAD & PAPER CO,199805,1998-05-14,10-Q,edgar/data/5588/0000950134-98-004241.txt,https://www.sec.gov/Archives/edgar/data/5588/0000950134-98-004241.txt,15,17,-0.06249999804687507,17,0.3472015849430411,6.938880633977217,701,2019,38,11,0.007429420505200594,0.008420009905894007,0.018821198613174838,0.005448241703813769,0,0,0.0,0,0.0,0.0,0,0,0,0,0,0,0,0,0,0,0.0,0,0,0.0,0,0,0,0,0,0,0,0,11
72,5588,AMERICAN PAD & PAPER CO,199808,1998-08-14,10-Q,edgar/data/5588/0000950134-98-006988.txt,https://www.sec.gov/Archives/edgar/data/5588/0000950134-98-006988.txt,28,49,-0.27272726918536017,18,0.33159268929503916,7.332637075718016,1143,3447,46,22,0.008123005512039455,0.014215259646069046,0.013344937626921962,0.006382361473745286,0,0,0.0,0,0.0,0.0,0,0,0,0,0,0,0,0,0,0,0.0,0,0,0.0,0,0,0,0,0,0,0,0,22
73,5588,AMERICAN PAD & PAPER CO,199811,1998-11-13,10-Q,edgar/data/5588/0000005588-98-000008.txt,https://www.sec.gov/Archives/edgar/data/5588/0000005588-98-000008.txt,27,81,-0.49999999537037043,19,0.3508879363135334,7.740355174525414,1146,3266,53,16,0.008266993263931415,0.024800979791794242,0.016227801592161667,0.004898958971218616,0,0,0.0,0,0.0,0.0,0,0,0,0,0,0,0,0,0,0,0.0,0,0,0.0,0,0,0,0,0,0,0,0,16
74,5588,AMERICAN PAD & PAPER CO,199811,1998-11-16,10-Q/A,edgar/data/5588/0000005588-98-000010.txt,https://www.sec.gov/Archives/edgar/data/5588/0000005588-98-000010.txt,0,0,0.0,0,0.0,0.0,0,0,0,0,0.0,0.0,0.0,0.0,0,0,0.0,0,0.0,0.0,0,0,0,0,0,0,0,0,0,0,0.0,0,0,0.0,0,0,0,0,0,0,0,0,0
75,5907,AT&T CORP,199908,1999-08-13,10-Q,edgar/data/5907/0000005907-99-000027.txt,https://www.sec.gov/Archives/edgar/data/5907/0000005907-99-000027.txt,0,0,0.0,0,0.0,0.0,0,0,0,0,0.0,0.0,0.0,0.0,0,0,0.0,0,0.0,0.0,0,0,0,0,0,0,0,0,0,0,0.0,0,0,0.0,0,0,0,0,0,0,0,0,0
76,5907,AT&T CORP,199911,1999-11-15,10-Q,edgar/data/5907/0000005907-99-000037.txt,https://www.sec.gov/Archives/edgar/data/5907/0000005907-99-000037.txt,0,0,0.0,0,0.0,0.0,0,0,0,0,0.0,0.0,0.0,0.0,0,0,0.0,0,0.0,0.0,0,0,0,0,0,0,0,0,0,0,0.0,0,0,0.0,0,0,0,0,0,0,0,0,0
77,5907,AT&T CORP,200003,2000-03-27,10-K,edgar/data/5907/0000005907-00-000014.txt,https://www.sec.gov/Archives/edgar/data/5907/0000005907-00-000014.txt,0,0,0.0,0,0.0,0.0,0,0,0,0,0.0,0.0,0.0,0.0,0,0,0.0,0,0.0,0.0,0,0,0,0,0,0,0,0,0,0,0.0,0,0,0.0,0,0,0,0,0,0,0,0,0
78,5907,AT&T CORP,200005,2000-05-15,10-Q,edgar/data/5907/0000005907-00-000025.txt,https://www.sec.gov/Archives/edgar/data/5907/0000005907-00-000025.txt,0,0,0.0,0,0.0,0.0,0,0,0,0,0.0,0.0,0.0,0.0,0,0,0.0,0,0.0,0.0,0,0,0,0,0,0,0,0,0,0,0.0,0,0,0.0,0,0,0,0,0,0,0,0,0
79,5907,AT&T CORP,200008,2000-08-14,10-Q,edgar/data/5907/0000005907-00-000031.txt,https://www.sec.gov/Archives/edgar/data/5907/0000005907-00-000031.txt,0,0,0.0,0,0.0,0.0,0,0,0,0,0.0,0.0,0.0,0.0,0,0,0.0,0,0.0,0.0,0,0,0,0,0,0,0,0,0,0,0.0,0,0,0.0,0,0,0,0,0,0,0,0,0
80,5907,AT&T CORP,200011,2000-11-14,10-Q,edgar/data/5907/0000005907-00-000038.txt,https://www.sec.gov/Archives/edgar/data/5907/0000005907-00-000038.txt,0,0,0.0,0,0.0,0.0,0,0,0,0,0.0,0.0,0.0,0.0,0,0,0.0,0,0.0,0.0,0,0,0,0,0,0,0,0,0,0,0.0,0,0,0.0,0,0,0,0,0,0,0,0,0
81,5907,AT&T CORP,200101,2001-01-26,10-K/A,edgar/data/5907/0000005907-01-000002.txt,https://www.sec.gov/Archives/edgar/data/5907/0000005907-01-000002.txt,0,0,0.0,0,0.0,0.0,0,0,0,0,0.0,0.0,0.0,0.0,0,0,0.0,0,0.0,0.0,0,0,0,0,0,0,0,0,0,0,0.0,0,0,0.0,0,0,0,0,0,0,0,0,0
82,5907,AT&T CORP,200104,2001-04-02,10-K405,edgar/data/5907/0000005907-01-000012.txt,https://www.sec.gov/Archives/edgar/data/5907/0000005907-01-000012.txt,133,241,-0.2887700527038234,17,0.36446149527463273,6.945784598109853,3895,10687,206,46,0.012445026667914288,0.02255076260877702,0.019275755590904838,0.004304294937774867,0,0,0.0,0,0.0,0.0,0,0,0,0,0,0,0,0,0,0,0.0,0,0,0.0,0,0,0,0,0,0,0,0,46
83,5907,AT&T CORP,200104,2001-04-17,10-K405/A,edgar/data/5907/0000005907-01-000015.txt,https://www.sec.gov/Archives/edgar/data/5907/0000005907-01-000015.txt,184,333,-0.28820115998413703,18,0.36794728481496736,7.347178913925987,6254,16997,282,91,0.010825439783491205,0.01959169265164441,0.016591163146437608,0.005353885979878802,0,0,0.0,0,0.0,0.0,0,0,0,0,0,0,0,0,0,0,0.0,0,0,0.0,0,0,0,0,0,0,0,0,91
84,5907,AT&T CORP,200105,2001-05-15,10-Q,edgar/data/5907/0000950123-01-502538.txt,https://www.sec.gov/Archives/edgar/data/5907/0000950123-01-502538.txt,0,0,0.0,0,0.0,0.0,0,0,0,0,0.0,0.0,0.0,0.0,0,0,0.0,0,0.0,0.0,0,0,0,0,0,0,0,0,0,0,0.0,0,0,0.0,0,0,0,0,0,0,0,0,0
85,5907,AT&T CORP,200107,2001-07-03,10-Q/A,edgar/data/5907/0000950123-01-504075.txt,https://www.sec.gov/Archives/edgar/data/5907/0000950123-01-504075.txt,0,0,0.0,0,0.0,0.0,0,0,0,0,0.0,0.0,0.0,0.0,0,0,0.0,0,0.0,0.0,0,0,0,0,0,0,0,0,0,0,0.0,0,0,0.0,0,0,0,0,0,0,0,0,0
86,5907,AT&T CORP,200108,2001-08-10,10-Q/A,edgar/data/5907/0000950123-01-505366.txt,https://www.sec.gov/Archives/edgar/data/5907/0000950123-01-505366.txt,0,0,0.0,0,0.0,0.0,0,0,0,0,0.0,0.0,0.0,0.0,0,0,0.0,0,0.0,0.0,0,0,0,0,0,0,0,0,0,0,0.0,0,0,0.0,0,0,0,0,0,0,0,0,0
87,5907,AT&T CORP,200108,2001-08-14,10-Q,edgar/data/5907/0000950123-01-505598.txt,https://www.sec.gov/Archives/edgar/data/5907/0000950123-01-505598.txt,0,0,0.0,0,0.0,0.0,0,0,0,0,0.0,0.0,0.0,0.0,0,0,0.0,0,0.0,0.0,0,0,0,0,0,0,0,0,0,0,0.0,0,0,0.0,0,0,0,0,0,0,0,0,0
88,6071,AMES DEPARTMENT STORES INC,199809,1998-09-02,10-Q,edgar/data/6071/0000006071-98-000023.txt,https://www.sec.gov/Archives/edgar/data/6071/0000006071-98-000023.txt,0,0,0.0,0,0.0,0.0,0,0,0,0,0.0,0.0,0.0,0.0,0,0,0.0,0,0.0,0.0,0,0,0,0,0,0,0,0,0,0,0.0,0,0,0.0,0,0,0,0,0,0,0,0,0
89,6071,AMES DEPARTMENT STORES INC,199812,1998-12-10,10-Q,edgar/data/6071/0000006071-98-000026.txt,https://www.sec.gov/Archives/edgar/data/6071/0000006071-98-000026.txt,0,0,0.0,0,0.0,0.0,0,0,0,0,0.0,0.0,0.0,0.0,0,0,0.0,0,0.0,0.0,0,0,0,0,0,0,0,0,0,0,0.0,0,0,0.0,0,0,0,0,0,0,0,0,0
90,6071,AMES DEPARTMENT STORES INC,199904,1999-04-05,10-K,edgar/data/6071/0000889812-99-001116.txt,https://www.sec.gov/Archives/edgar/data/6071/0000889812-99-001116.txt,0,0,0.0,0,0.0,0.0,0,0,0,0,0.0,0.0,0.0,0.0,0,0,0.0,0,0.0,0.0,0,0,0,0,0,0,0,0,0,0,0.0,0,0,0.0,0,0,0,0,0,0,0,0,0
91,6071,AMES DEPARTMENT STORES INC,199906,1999-06-15,10-Q,edgar/data/6071/0000006071-99-000013.txt,https://www.sec.gov/Archives/edgar/data/6071/0000006071-99-000013.txt,0,0,0.0,0,0.0,0.0,0,0,0,0,0.0,0.0,0.0,0.0,0,0,0.0,0,0.0,0.0,0,0,0,0,0,0,0,0,0,0,0.0,0,0,0.0,0,0,0,0,0,0,0,0,0
92,6071,AMES DEPARTMENT STORES INC,199909,1999-09-14,10-Q,edgar/data/6071/0000006071-99-000015.txt,https://www.sec.gov/Archives/edgar/data/6071/0000006071-99-000015.txt,0,0,0.0,0,0.0,0.0,0,0,0,0,0.0,0.0,0.0,0.0,0,0,0.0,0,0.0,0.0,0,0,0,0,0,0,0,0,0,0,0.0,0,0,0.0,0,0,0,0,0,0,0,0,0
93,6071,AMES DEPARTMENT STORES INC,199912,1999-12-14,10-Q,edgar/data/6071/0000006071-99-000017.txt,https://www.sec.gov/Archives/edgar/data/6071/0000006071-99-000017.txt,0,0,0.0,0,0.0,0.0,0,0,0,0,0.0,0.0,0.0,0.0,0,0,0.0,0,0.0,0.0,0,0,0,0,0,0,0,0,0,0,0.0,0,0,0.0,0,0,0,0,0,0,0,0,0
94,6071,AMES DEPARTMENT STORES INC,200004,2000-04-11,10-K,edgar/data/6071/0000006071-00-000002.txt,https://www.sec.gov/Archives/edgar/data/6071/0000006071-00-000002.txt,0,0,0.0,0,0.0,0.0,0,0,0,0,0.0,0.0,0.0,0.0,0,0,0.0,0,0.0,0.0,0,0,0,0,0,0,0,0,0,0,0.0,0,0,0.0,0,0,0,0,0,0,0,0,0
95,6071,AMES DEPARTMENT STORES INC,200006,2000-06-13,10-Q,edgar/data/6071/0000006071-00-000011.txt,https://www.sec.gov/Archives/edgar/data/6071/0000006071-00-000011.txt,6,23,-0.5862068763376939,20,0.30450132391879964,8.12180052956752,345,1133,31,9,0.00529567519858782,0.02030008826125331,0.02736098852603707,0.00794351279788173,0,1,-0.9999990000010001,12,0.39285714285714285,4.957142857142857,33,84,9,0,0,0,0,0,0,0,0.0,0,0,0.0,0,0,0,0,0,0,0,0,9
96,6201,AMR CORP,199908,1999-08-16,10-Q,edgar/data/6201/0000006201-99-000023.txt,https://www.sec.gov/Archives/edgar/data/6201/0000006201-99-000023.txt,19,72,-0.5824175760173893,25,0.3363781685316282,10.134551267412652,1473,4379,66,21,0.004338890157570221,0.01644211007079242,0.015071934231559716,0.004795615437314455,0,0,0.0,6,0.3076923076923077,2.523076923076923,4,13,1,0,0,0,0,0,0,0,0.0,0,0,0.0,0,0,0,0,0,0,0,0,21
97,6201,AMR CORP,199911,1999-11-05,10-Q,edgar/data/6201/0000006201-99-000028.txt,https://www.sec.gov/Archives/edgar/data/6201/0000006201-99-000028.txt,20,68,-0.5454545392561985,24,0.3424657534246575,9.736986301369864,1550,4526,72,22,0.004418912947414936,0.015024304021210782,0.015908086610693768,0.004860804242156429,0,0,0.0,8,0.26666666666666666,3.306666666666667,4,15,2,0,0,0,0,0,0,0,0.0,0,0,0.0,0,0,0,0,0,0,0,0,22
98,6201,AMR CORP,200003,2000-03-27,10-K405,edgar/data/6201/0000950134-00-002454.txt,https://www.sec.gov/Archives/edgar/data/6201/0000950134-00-002454.txt,0,0,0.0,0,0.0,0.0,0,0,0,0,0.0,0.0,0.0,0.0,0,0,0.0,0,0.0,0.0,0,0,0,0,0,0,0,0,0,0,0.0,0,0,0.0,0,0,0,0,0,0,0,0,0
99,6201,AMR CORP,200005,2000-05-11,10-Q,edgar/data/6201/0000006201-00-000009.txt,https://www.sec.gov/Archives/edgar/data/6201/0000006201-00-000009.txt,0,0,0.0,0,0.0,0.0,0,0,0,0,0.0,0.0,0.0,0.0,0,0,0.0,8,0.26666666666666666,3.306666666666667,4,15,2,0,0,0,0,0,0,0,0.0,0,0,0.0,0,0,0,0,0,0,0,0,0
100,6201,AMR CORP,200007,2000-07-28,10-Q,edgar/data/6201/0000950134-00-006067.txt,https://www.sec.gov/Archives/edgar/data/6201/0000950134-00-006067.txt,20,26,-0.13043477977315696,24,0.32051282051282054,9.72820512820513,800,2496,31,16,0.008012820512820512,0.010416666666666666,0.012419871794871794,0.00641025641025641,0,0,0.0,8,0.26666666666666666,3.306666666666667,4,15,2,0,0,0,0,0,0,0,0.0,0,0,0.0,0,0,0,0,0,0,0,0,16
101,6201,AMR CORP,200010,2000-10-26,10-Q,edgar/data/6201/0000006201-00-000017.txt,https://www.sec.gov/Archives/edgar/data/6201/0000006201-00-000017.txt,22,20,0.0476190464852608,26,0.3208489388264669,10.528339575530588,771,2403,28,8,0.009155222638368706,0.008322929671244279,0.011652101539741989,0.0033291718684977114,0,0,0.0,8,0.26666666666666666,3.306666666666667,4,15,2,0,0,0,0,0,0,0,0.0,0,0,0.0,0,0,0,0,0,0,0,0,8
102,6201,AMR CORP,200103,2001-03-22,10-K405,edgar/data/6201/0000950134-01-002483.txt,https://www.sec.gov/Archives/edgar/data/6201/0000950134-01-002483.txt,0,0,0.0,0,0.0,0.0,0,0,0,0,0.0,0.0,0.0,0.0,0,0,0.0,0,0.0,0.0,0,0,0,0,0,0,0,0,0,0,0.0,0,0,0.0,0,0,0,0,0,0,0,0,0
103,6201,AMR CORP,200104,2001-04-24,10-Q,edgar/data/6201/0000950134-01-500665.txt,https://www.sec.gov/Archives/edgar/data/6201/0000950134-01-500665.txt,9,12,-0.14285713605442207,23,0.33744010951403147,9.334976043805613,493,1461,25,9,0.006160164271047228,0.008213552361396304,0.017111567419575632,0.006160164271047228,0,0,0.0,8,0.26666666666666666,3.306666666666667,4,15,2,0,0,0,0,0,0,0,0.0,0,0,0.0,0,0,0,0,0,0,0,0,9
104,6201,AMR CORP,200108,2001-08-13,10-Q,edgar/data/6201/0000006201-01-500032.txt,https://www.sec.gov/Archives/edgar/data/6201/0000006201-01-500032.txt,15,36,-0.41176469780853536,25,0.3177169251072253,10.12708677004289,963,3031,51,15,0.0049488617617947876,0.011877268228307489,0.016826129990102277,0.0049488617617947876,0,0,0.0,0,0.0,0.0,0,0,0,0,0,0,0,0,0,0,0.0,0,0,0.0,0,0,0,0,0,0,0,0,15
105,6201,AMR CORP,200110,2001-10-25,10-Q,edgar/data/6201/0000006201-01-500047.txt,https://www.sec.gov/Archives/edgar/data/6201/0000006201-01-500047.txt,0,0,0.0,0,0.0,0.0,0,0,0,0,0.0,0.0,0.0,0.0,0,0,0.0,8,0.26666666666666666,3.306666666666667,4,15,2,0,0,0,0,0,0,0,0.0,0,0,0.0,0,0,0,0,0,0,0,0,0
106,6201,AMR CORP,200202,2002-02-28,10-K405,edgar/data/6201/0000950134-02-001661.txt,https://www.sec.gov/Archives/edgar/data/6201/0000950134-02-001661.txt,0,0,0.0,0,0.0,0.0,0,0,0,0,0.0,0.0,0.0,0.0,0,0,0.0,0,0.0,0.0,0,0,0,0,0,0,0,0,0,0,0.0,0,0,0.0,0,0,0,0,0,0,0,0,0
107,6201,AMR CORP,200204,2002-04-18,10-Q,edgar/data/6201/0000006201-02-000015.txt,https://www.sec.gov/Archives/edgar/data/6201/0000006201-02-000015.txt,0,0,0.0,0,0.0,0.0,0,0,0,0,0.0,0.0,0.0,0.0,0,0,0.0,8,0.26666666666666666,3.306666666666667,4,15,2,0,0,0,0,0,0,0,0.0,0,0,0.0,0,0,0,0,0,0,0,0,0
108,6201,AMR CORP,200207,2002-07-19,10-Q,edgar/data/6201/0000006201-02-000035.txt,https://www.sec.gov/Archives/edgar/data/6201/0000006201-02-000035.txt,15,54,-0.5652173831127916,24,0.3221730890713834,9.728869235628554,1020,3166,31,16,0.004737839545167404,0.017056222362602652,0.009791535060012634,0.00505369551484523,0,0,0.0,8,0.26666666666666666,3.306666666666667,4,15,2,0,0,0,0,0,0,0,0.0,0,0,0.0,0,0,0,0,0,0,0,0,16
109,6201,AMR CORP,200210,2002-10-18,10-Q,edgar/data/6201/0000006201-02-000052.txt,https://www.sec.gov/Archives/edgar/data/6201/0000006201-02-000052.txt,39,73,-0.3035714258609694,23,0.356601607347876,9.34264064293915,1553,4355,55,25,0.008955223880597015,0.016762342135476463,0.012629161882893225,0.0057405281285878304,0,0,0.0,8,0.26666666666666666,3.306666666666667,4,15,2,0,0,0,0,0,0,0,0.0,0,0,0.0,0,0,0,0,0,0,0,0,25
110,6201,AMR CORP,200210,2002-10-18,10-Q/A,edgar/data/6201/0000950134-02-012680.txt,https://www.sec.gov/Archives/edgar/data/6201/0000950134-02-012680.txt,0,0,0.0,0,0.0,0.0,0,0,0,0,0.0,0.0,0.0,0.0,0,0,0.0,0,0.0,0.0,0,0,0,0,0,0,0,0,0,0,0.0,0,0,0.0,0,0,0,0,0,0,0,0,0
111,6201,AMR CORP,200210,2002-10-18,10-Q/A,edgar/data/6201/0000950134-02-012682.txt,https://www.sec.gov/Archives/edgar/data/6201/0000950134-02-012682.txt,14,49,-0.5555555467372135,24,0.3212520593080725,9.72850082372323,975,3035,28,10,0.004612850082372323,0.01614497528830313,0.009225700164744647,0.0032948929159802307,0,0,0.0,8,0.26666666666666666,3.306666666666667,4,15,2,0,0,0,0,0,0,0,0.0,0,0,0.0,0,0,0,0,0,0,0,0,10
112,6201,AMR CORP,200304,2003-04-01,NT 10-K,edgar/data/6201/0000006201-03-000012.txt,https://www.sec.gov/Archives/edgar/data/6201/0000006201-03-000012.txt,0,0,0.0,0,0.0,0.0,0,0,0,0,0.0,0.0,0.0,0.0,0,0,0.0,0,0.0,0.0,0,0,0,0,0,0,0,0,0,0,0.0,0,0,0.0,0,0,0,0,0,0,0,0,0
113,6201,AMR CORP,200304,2003-04-15,10-K,edgar/data/6201/0001047469-03-013301.txt,https://www.sec.gov/Archives/edgar/data/6201/0001047469-03-013301.txt,0,0,0.0,0,0.0,0.0,0,0,0,0,0.0,0.0,0.0,0.0,0,0,0.0,0,0.0,0.0,0,0,0,0,0,0,0,0,0,0,0.0,0,0,0.0,0,0,0,0,0,0,0,0,0
114,6201,AMR CORP,200305,2003-05-15,10-Q,edgar/data/6201/0000006201-03-000030.txt,https://www.sec.gov/Archives/edgar/data/6201/0000006201-03-000030.txt,26,57,-0.3734939714036871,20,0.36066040421292345,8.14426416168517,1267,3513,55,34,0.00740108169655565,0.016225448334756618,0.01565613435809849,0.009678337603188158,0,0,0.0,0,0.0,0.0,0,0,0,0,0,0,0,0,0,0,0.0,0,0,0.0,0,0,0,0,0,0,0,0,34
115,6201,AMR CORP,200307,2003-07-18,10-Q,edgar/data/6201/0000006201-03-000045.txt,https://www.sec.gov/Archives/edgar/data/6201/0000006201-03-000045.txt,48,95,-0.3286713263729278,22,0.36678458387637314,8.94671383355055,1970,5371,78,68,0.00893688326196239,0.01768758145596723,0.014522435300688885,0.012660584621113387,0,0,0.0,11,0.3181818181818182,4.527272727272727,7,22,3,0,0,0,0,0,0,0,0.0,0,0,0.0,0,0,0,0,0,0,0,0,68
116,6201,AMR CORP,200810,2008-10-16,10-Q,edgar/data/6201/0000006201-08-000060.txt,https://www.sec.gov/Archives/edgar/data/6201/0000006201-08-000060.txt,2,0,0.99999950000025,323,0.26006191950464397,129.30402476780188,84,323,3,2,0.006191950464396285,0.0,0.009287925696594427,0.006191950464396285,0,0,0.0,44,0.20454545454545456,17.681818181818183,9,44,1,0,0,0,0,0,0,0,0.0,0,0,0.0,0,0,0,0,0,0,0,0,2
117,6201,AMR CORP,200902,2009-02-19,10-K,edgar/data/6201/0000006201-09-000009.txt,https://www.sec.gov/Archives/edgar/data/6201/0000006201-09-000009.txt,3,4,-0.1428571224489825,305,0.22950819672131148,122.09180327868853,70,305,5,2,0.009836065573770493,0.013114754098360656,0.01639344262295082,0.006557377049180328,0,0,0.0,0,0.0,0.0,0,0,0,0,0,0,0,0,0,0,0.0,0,0,0.0,0,0,0,0,0,0,0,0,2
118,6201,AMR CORP,200904,2009-04-16,10-Q,edgar/data/6201/0000006201-09-000016.txt,https://www.sec.gov/Archives/edgar/data/6201/0000006201-09-000016.txt,27,63,-0.3999999955555556,2048,0.18202805895933227,819.2728112235839,4100,22524,31,13,0.0011987213638785296,0.002797016515716569,0.001376309714082756,0.0005771621381637364,9,29,-0.5263157756232691,1982,0.18058981834492038,792.872235927338,3221,17836,32,10,0,0,0,0,0,0,0.0,0,0,0.0,0,0,0,0,0,0,0,0,23
119,6201,AMR CORP,200907,2009-07-15,10-Q,edgar/data/6201/0000006201-09-000029.txt,https://www.sec.gov/Archives/edgar/data/6201/0000006201-09-000029.txt,37,72,-0.3211009144853127,2835,0.18034067429320164,1134.0721362697175,7157,39686,38,39,0.0009323187018092022,0.0018142417981152044,0.0009575165045608023,0.0009827143073124023,14,39,-0.47169810430758297,2482,0.17606177606177606,992.8704247104248,5244,29785,34,13,0,0,0,0,0,0,0.0,0,0,0.0,0,0,0,0,0,0,0,0,52
120,6201,AMR CORP,200910,2009-10-21,10-Q,edgar/data/6201/0000006201-09-000038.txt,https://www.sec.gov/Archives/edgar/data/6201/0000006201-09-000038.txt,0,0,0.0,47,0.2765957446808511,18.910638297872342,13,47,0,0,0.0,0.0,0.0,0.0,18,37,-0.34545453917355384,2757,0.19823890244706813,1102.8792955609788,6011,30322,36,9,0,0,0,0,0,0,0.0,0,0,0.0,0,0,0,0,0,0,0,0,9
121,6201,AMR CORP,200911,2009-11-06,10-Q/A,edgar/data/6201/0000006201-09-000040.txt,https://www.sec.gov/Archives/edgar/data/6201/0000006201-09-000040.txt,0,0,0.0,0,0.0,0.0,0,0,0,0,0.0,0.0,0.0,0.0,0,0,0.0,0,0.0,0.0,0,0,0,0,0,0,0,0,0,0,0.0,0,0,0.0,0,0,0,0,0,0,0,0,0
122,6201,AMR CORP,201002,2010-02-17,10-K,edgar/data/6201/0000006201-10-000006.txt,https://www.sec.gov/Archives/edgar/data/6201/0000006201-10-000006.txt,0,0,0.0,145,0.19310344827586207,58.077241379310344,28,145,0,0,0.0,0.0,0.0,0.0,0,0,0.0,0,0.0,0.0,0,0,0,0,0,0,0,0,0,0,0.0,0,0,0.0,0,0,0,0,0,0,0,0,0
123,6201,AMR CORP,201004,2010-04-21,10-Q,edgar/data/6201/0000006201-10-000013.txt,https://www.sec.gov/Archives/edgar/data/6201/0000006201-10-000013.txt,0,0,0.0,0,0.0,0.0,0,0,0,0,0.0,0.0,0.0,0.0,0,0,0.0,44,0.20454545454545456,17.681818181818183,9,44,1,0,0,0,0,0,0,0,0.0,0,0,0.0,0,0,0,0,0,0,0,0,0
124,6201,AMR CORP,201007,2010-07-21,10-Q,edgar/data/6201/0000950123-10-066894.txt,https://www.sec.gov/Archives/edgar/data/6201/0000950123-10-066894.txt,0,0,0.0,0,0.0,0.0,0,0,0,0,0.0,0.0,0.0,0.0,0,0,0.0,0,0.0,0.0,0,0,0,0,0,0,0,0,0,0,0.0,0,0,0.0,0,0,0,0,0,0,0,0,0
125,6201,AMR CORP,201010,2010-10-20,10-Q,edgar/data/6201/0000950123-10-094605.txt,https://www.sec.gov/Archives/edgar/data/6201/0000950123-10-094605.txt,0,0,0.0,0,0.0,0.0,0,0,0,0,0.0,0.0,0.0,0.0,0,0,0.0,0,0.0,0.0,0,0,0,0,0,0,0,0,0,0,0.0,0,0,0.0,0,0,0,0,0,0,0,0,0
126,6260,ANACOMP INC,199402,1994-02-14,10-Q,edgar/data/6260/0000006260-94-000014.txt,https://www.sec.gov/Archives/edgar/data/6260/0000006260-94-000014.txt,0,0,0.0,0,0.0,0.0,0,0,0,0,0.0,0.0,0.0,0.0,0,0,0.0,0,0.0,0.0,0,0,0,0,0,0,0,0,0,0,0.0,0,0,0.0,0,0,0,0,0,0,0,0,0
127,6260,ANACOMP INC,199405,1994-05-12,10-Q,edgar/data/6260/0000006260-94-000016.txt,https://www.sec.gov/Archives/edgar/data/6260/0000006260-94-000016.txt,0,0,0.0,4,0.4375,1.7750000000000001,7,16,0,0,0.0,0.0,0.0,0.0,0,0,0.0,0,0.0,0.0,0,0,0,0,0,0,0,0,0,0,0.0,0,0,0.0,0,0,0,0,0,0,0,0,0
128,6260,ANACOMP INC,199712,1997-12-29,10-K,edgar/data/6260/0000006260-97-000011.txt,https://www.sec.gov/Archives/edgar/data/6260/0000006260-97-000011.txt,0,0,0.0,0,0.0,0.0,0,0,0,0,0.0,0.0,0.0,0.0,0,0,0.0,0,0.0,0.0,0,0,0,0,0,0,0,0,0,0,0.0,0,0,0.0,0,0,0,0,0,0,0,0,0
129,6260,ANACOMP INC,199802,1998-02-17,10-Q,edgar/data/6260/0000006260-98-000001.txt,https://www.sec.gov/Archives/edgar/data/6260/0000006260-98-000001.txt,0,0,0.0,0,0.0,0.0,0,0,0,0,0.0,0.0,0.0,0.0,0,0,0.0,0,0.0,0.0,0,0,0,0,0,0,0,0,0,0,0.0,0,0,0.0,0,0,0,0,0,0,0,0,0
130,6260,ANACOMP INC,199805,1998-05-13,10-Q,edgar/data/6260/0000006260-98-000003.txt,https://www.sec.gov/Archives/edgar/data/6260/0000006260-98-000003.txt,0,0,0.0,0,0.0,0.0,0,0,0,0,0.0,0.0,0.0,0.0,0,0,0.0,0,0.0,0.0,0,0,0,0,0,0,0,0,0,0,0.0,0,0,0.0,0,0,0,0,0,0,0,0,0
131,6260,ANACOMP INC,199808,1998-08-14,10-Q,edgar/data/6260/0000914121-98-000672.txt,https://www.sec.gov/Archives/edgar/data/6260/0000914121-98-000672.txt,20,36,-0.285714280612245,18,0.29714285714285715,7.318857142857144,520,1750,20,13,0.011428571428571429,0.02057142857142857,0.011428571428571429,0.0074285714285714285,0,0,0.0,0,0.0,0.0,0,0,0,0,0,0,0,0,0,0,0.0,0,0,0.0,0,0,0,0,0,0,0,0,13
132,6260,ANACOMP INC,199812,1998-12-29,10-K405,edgar/data/6260/0001047469-98-045227.txt,https://www.sec.gov/Archives/edgar/data/6260/0001047469-98-045227.txt,20,54,-0.45945945325054793,17,0.3424432005268357,6.936977280210735,1040,3037,53,22,0.006585446163977609,0.017780704642739547,0.017451432334540665,0.007243990780375371,0,0,0.0,0,0.0,0.0,0,0,0,0,0,0,0,0,0,0,0.0,0,0,0.0,0,0,0,0,0,0,0,0,22
133,6260,ANACOMP INC,199902,1999-02-11,10-Q,edgar/data/6260/0000006260-99-000005.txt,https://www.sec.gov/Archives/edgar/data/6260/0000006260-99-000005.txt,11,26,-0.4054053944485029,19,0.35810055865921786,7.743240223463687,641,1790,40,16,0.006145251396648044,0.01452513966480447,0.0223463687150838,0.008938547486033519,0,0,0.0,9,0.36363636363636365,3.7454545454545456,16,44,1,0,0,0,0,0,0,0,0.0,0,0,0.0,0,0,0,0,0,0,0,0,16
134,6260,ANACOMP INC,199905,1999-05-17,10-Q,edgar/data/6260/0000006260-99-000007.txt,https://www.sec.gov/Archives/edgar/data/6260/0000006260-99-000007.txt,13,34,-0.44680850113173404,19,0.32972136222910214,7.731888544891641,852,2584,50,16,0.005030959752321981,0.013157894736842105,0.01934984520123839,0.006191950464396285,0,0,0.0,7,0.36363636363636365,2.9454545454545453,16,44,1,0,0,0,0,0,0,0,0.0,0,0,0.0,0,0,0,0,0,0,0,0,16
135,6260,ANACOMP INC,199908,1999-08-13,10-Q,edgar/data/6260/0000006260-99-000010.txt,https://www.sec.gov/Archives/edgar/data/6260/0000006260-99-000010.txt,20,56,-0.4736842042936289,18,0.3325705568268497,7.333028222730739,872,2622,47,17,0.007627765064836003,0.02135774218154081,0.01792524790236461,0.0064836003051106025,0,0,0.0,7,0.37209302325581395,2.948837209302326,16,43,1,0,0,0,0,0,0,0,0.0,0,0,0.0,0,0,0,0,0,0,0,0,17
136,11860,BETHLEHEM STEEL CORP /DE/,199811,1998-11-12,10-Q,edgar/data/11860/0000011860-98-000022.txt,https://www.sec.gov/Archives/edgar/data/11860/0000011860-98-000022.txt,0,0,0.0,0,0.0,0.0,0,0,0,0,0.0,0.0,0.0,0.0,0,0,0.0,0,0.0,0.0,0,0,0,0,0,0,0,0,0,0,0.0,0,0,0.0,0,0,0,0,0,0,0,0,0
137,11860,BETHLEHEM STEEL CORP /DE/,199903,1999-03-24,10-K405,edgar/data/11860/0001021408-99-000543.txt,https://www.sec.gov/Archives/edgar/data/11860/0001021408-99-000543.txt,0,0,0.0,7,0.39285714285714285,2.9571428571428573,11,28,0,1,0.0,0.0,0.0,0.03571428571428571,0,0,0.0,0,0.0,0.0,0,0,0,0,0,0,0,0,0,0,0.0,0,0,0.0,0,0,0,0,0,0,0,0,1
138,11860,BETHLEHEM STEEL CORP /DE/,199905,1999-05-14,10-Q,edgar/data/11860/0000011860-99-000025.txt,https://www.sec.gov/Archives/edgar/data/11860/0000011860-99-000025.txt,0,0,0.0,0,0.0,0.0,0,0,0,0,0.0,0.0,0.0,0.0,0,0,0.0,0,0.0,0.0,0,0,0,0,0,0,0,0,0,0,0.0,0,0,0.0,0,0,0,0,0,0,0,0,0
139,11860,BETHLEHEM STEEL CORP /DE/,199906,1999-06-29,10-K/A,edgar/data/11860/0000011860-99-000030.txt,https://www.sec.gov/Archives/edgar/data/11860/0000011860-99-000030.txt,0,0,0.0,0,0.0,0.0,0,0,0,0,0.0,0.0,0.0,0.0,0,0,0.0,0,0.0,0.0,0,0,0,0,0,0,0,0,0,0,0.0,0,0,0.0,0,0,0,0,0,0,0,0,0
140,11860,BETHLEHEM STEEL CORP /DE/,199908,1999-08-05,10-Q,edgar/data/11860/0000011860-99-000035.txt,https://www.sec.gov/Archives/edgar/data/11860/0000011860-99-000035.txt,0,0,0.0,0,0.0,0.0,0,0,0,0,0.0,0.0,0.0,0.0,0,0,0.0,0,0.0,0.0,0,0,0,0,0,0,0,0,0,0,0.0,0,0,0.0,0,0,0,0,0,0,0,0,0
141,11860,BETHLEHEM STEEL CORP /DE/,199911,1999-11-02,10-Q,edgar/data/11860/0000011860-99-000042.txt,https://www.sec.gov/Archives/edgar/data/11860/0000011860-99-000042.txt,0,0,0.0,0,0.0,0.0,0,0,0,0,0.0,0.0,0.0,0.0,0,0,0.0,0,0.0,0.0,0,0,0,0,0,0,0,0,0,0,0.0,0,0,0.0,0,0,0,0,0,0,0,0,0
142,11860,BETHLEHEM STEEL CORP /DE/,200003,2000-03-09,10-K,edgar/data/11860/0000011860-00-000019.txt,https://www.sec.gov/Archives/edgar/data/11860/0000011860-00-000019.txt,0,0,0.0,7,0.39285714285714285,2.9571428571428573,11,28,0,1,0.0,0.0,0.0,0.03571428571428571,0,0,0.0,0,0.0,0.0,0,0,0,0,0,0,0,0,0,0,0.0,0,0,0.0,0,0,0,0,0,0,0,0,1
143,11860,BETHLEHEM STEEL CORP /DE/,200005,2000-05-03,10-Q,edgar/data/11860/0000011860-00-000022.txt,https://www.sec.gov/Archives/edgar/data/11860/0000011860-00-000022.txt,0,0,0.0,0,0.0,0.0,0,0,0,0,0.0,0.0,0.0,0.0,0,0,0.0,0,0.0,0.0,0,0,0,0,0,0,0,0,0,0,0.0,0,0,0.0,0,0,0,0,0,0,0,0,0
144,11860,BETHLEHEM STEEL CORP /DE/,200006,2000-06-28,10-K/A,edgar/data/11860/0000011860-00-000025.txt,https://www.sec.gov/Archives/edgar/data/11860/0000011860-00-000025.txt,0,0,0.0,0,0.0,0.0,0,0,0,0,0.0,0.0,0.0,0.0,0,0,0.0,0,0.0,0.0,0,0,0,0,0,0,0,0,0,0,0.0,0,0,0.0,0,0,0,0,0,0,0,0,0
145,11860,BETHLEHEM STEEL CORP /DE/,200007,2000-07-26,10-Q,edgar/data/11860/0000011860-00-000028.txt,https://www.sec.gov/Archives/edgar/data/11860/0000011860-00-000028.txt,0,0,0.0,0,0.0,0.0,0,0,0,0,0.0,0.0,0.0,0.0,0,0,0.0,0,0.0,0.0,0,0,0,0,0,0,0,0,0,0,0.0,0,0,0.0,0,0,0,0,0,0,0,0,0
146,11860,BETHLEHEM STEEL CORP /DE/,200010,2000-10-25,10-Q,edgar/data/11860/0000011860-00-000038.txt,https://www.sec.gov/Archives/edgar/data/11860/0000011860-00-000038.txt,0,0,0.0,0,0.0,0.0,0,0,0,0,0.0,0.0,0.0,0.0,0,0,0.0,0,0.0,0.0,0,0,0,0,0,0,0,0,0,0,0.0,0,0,0.0,0,0,0,0,0,0,0,0,0
147,12239,SPHERIX INC,200704,2007-04-02,10-K,edgar/data/12239/0001104659-07-024804.txt,https://www.sec.gov/Archives/edgar/data/12239/0001104659-07-024804.txt,0,0,0.0,0,0.0,0.0,0,0,0,0,0.0,0.0,0.0,0.0,0,0,0.0,0,0.0,0.0,0,0,0,0,0,0,0,0,0,0,0.0,0,0,0.0,0,0,0,0,0,0,0,0,0
148,12239,SPHERIX INC,200705,2007-05-16,NT 10-Q,edgar/data/12239/0001104659-07-040463.txt,https://www.sec.gov/Archives/edgar/data/12239/0001104659-07-040463.txt,0,0,0.0,0,0.0,0.0,0,0,0,0,0.0,0.0,0.0,0.0,0,0,0.0,0,0.0,0.0,0,0,0,0,0,0,0,0,0,0,0.0,0,0,0.0,0,0,0,0,0,0,0,0,0
149,12239,SPHERIX INC,200705,2007-05-18,10-Q,edgar/data/12239/0001104659-07-041441.txt,https://www.sec.gov/Archives/edgar/data/12239/0001104659-07-041441.txt,0,0,0.0,0,0.0,0.0,0,0,0,0,0.0,0.0,0.0,0.0,0,0,0.0,0,0.0,0.0,0,0,0,0,0,0,0,0,0,0,0.0,0,0,0.0,0,0,0,0,0,0,0,0,0
150,12239,SPHERIX INC,200705,2007-05-23,10-K/A,edgar/data/12239/0001104659-07-042333.txt,https://www.sec.gov/Archives/edgar/data/12239/0001104659-07-042333.txt,0,0,0.0,0,0.0,0.0,0,0,0,0,0.0,0.0,0.0,0.0,0,0,0.0,0,0.0,0.0,0,0,0,0,0,0,0,0,0,0,0.0,0,0,0.0,0,0,0,0,0,0,0,0,0
151,12239,SPHERIX INC,200708,2007-08-14,10-Q,edgar/data/12239/0001104659-07-062470.txt,https://www.sec.gov/Archives/edgar/data/12239/0001104659-07-062470.txt,0,0,0.0,0,0.0,0.0,0,0,0,0,0.0,0.0,0.0,0.0,1,0,0.9999990000010001,226,0.2079646017699115,90.48318584070796,47,226,7,0,0,0,0,0,0,0,0.0,0,0,0.0,0,0,0,0,0,0,0,0,0
